Year,Country,"Fertility rate, total (births per woman)",GDP per capita (current US$),"Inflation, consumer prices (annual %)",Urban population (% of total population),Population growth (annual %),Net migration,"Unemployment, total (% of total labor force) (national estimate)","Secondary education, pupils",Domestic general government health expenditure per capita (current US$),Domestic private health expenditure per capita (current US$)
1984,Niger,7.92,209.5318,8.364,14.31,3.0168,-9227,..,47188,..,..
1985,Niger,7.93,200.4255,-0.923,14.54,3.0193,-6141,..,47324,..,..
1986,Niger,7.9,257.0199,-3.208,14.76,3.025,-2731,..,47145,..,..
1987,Niger,7.87,292.4088,-6.712,14.99,3.0342,-2347,..,52478,..,..
1988,Niger,7.84,289.6701,-1.394,15.21,3.0393,-1148,..,58489,..,..
1989,Niger,7.82,268.5494,-2.844,15.29,3.0503,619,..,65816,..,..
1990,Niger,7.81,419.6039,-0.776,15.37,3.0885,84,..,68352,..,..
1991,Niger,7.8,380.5366,-7.797,15.45,3.1051,-1513,..,76758,..,..
1992,Niger,7.8,380.1491,-4.476,15.53,3.1128,-2266,..,76916,..,..
1993,Niger,7.79,332.0622,-1.215,15.61,3.1541,-2277,..,80009,..,..
1994,Niger,7.79,204.1496,36.041,15.69,3.2138,-966,..,71056,..,..
1995,Niger,7.78,234.6196,10.563,15.77,3.3213,3837,..,81054,..,..
1996,Niger,7.76,237.015,5.289,15.86,3.3666,-8065,..,92608,..,..
1997,Niger,7.76,218.2461,2.934,15.94,3.3355,-13699,..,97675,..,..
1998,Niger,7.76,243.5176,4.548,16.02,3.3796,-7303,..,98978,..,..
1999,Niger,7.75,225.9535,-2.302,16.1,3.4101,-12054,..,104933,..,..
2000,Niger,7.73,192.8777,2.900,16.19,3.4238,-8533,..,106182,2.17241,5.954
2001,Niger,7.7,203.5265,4.006,16.26,3.4565,-8668,1.47,108033,2.32514,6.371
2002,Niger,7.67,223.3524,2.629,16.26,3.4722,-9560,..,112033,2.68899,7.046
2003,Niger,7.65,263.0912,-1.614,16.25,3.5045,-8855,..,126137,2.80841,8.379
2004,Niger,7.63,281.3254,0.263,16.25,3.5492,-9082,..,158343,3.31124,9.209
2005,Niger,7.62,316.3656,7.798,16.24,3.5882,-9710,3.1,181641,6.05636,10.512
2006,Niger,7.58,331.1038,0.041,16.24,3.6144,-10071,..,216961,6.79594,10.909
2007,Niger,7.56,384.7183,0.054,16.23,3.6412,-10086,..,217378,5.76138,12.345
2008,Niger,7.54,472.1784,11.305,16.23,3.6725,-9853,..,234029,7.30303,14.356
2009,Niger,7.51,458.4219,0.583,16.23,3.7012,-9028,..,256555,7.02997,14.456
2010,Niger,7.49,471.6127,0.804,16.22,3.7307,-8045,..,306675,6.17178,14.293
2011,Niger,7.45,507.6025,2.942,16.22,3.7467,-6953,0.32,342391,6.44541,15.592
2012,Niger,7.4,525.0473,0.455,16.21,3.8106,18714,2.18,388641,5.44822,14.145
2013,Niger,7.34,548.1578,2.297,16.21,3.8182,-2551,..,439160,7.3342,14.208
2014,Niger,7.28,560.7545,-0.930,16.22,3.7812,3883,0.52,515075,7.13803,14.455
2015,Niger,7.21,481.1113,-0.576,16.25,3.8289,17051,..,595426,5.34786,14.061
2016,Niger,7.14,497.0361,1.654,16.29,3.8671,14833,..,717660,5.44771,13.67
2017,Niger,7.08,514.5434,2.796,16.35,3.8269,-6827,7.77,786582,9.69988,14.838
2018,Niger,7.02,568.5997,2.968,16.43,3.7876,-3816,..,..,10.02234,16.511
2019,Niger,6.96,549.8161,-2.490,16.52,3.7654,-15787,0.53,..,11.1425,15.317
2020,Niger,6.89,564.8417,2.898,16.63,3.7271,-4403,..,..,13.06805,16.297
2021,Niger,6.82,590.6295,3.838,16.75,3.7074,-4405,..,..,12.53375,16.9
2022,Niger,6.75,588.899,4.226,16.89,3.713,1000,0.42,..,13.5388,17.2
2023,Niger,6.64,618.2872,3.701,17.05,3.7258,1000,..,..,13.77575,16.55
1984,"Congo, Dem. Rep.",6.6,..,52.227,28.1,2.971,117979,..,917052,..,..
1985,"Congo, Dem. Rep.",6.65,..,23.821,28.51,3.0332,17496,..,937859,..,..
1986,"Congo, Dem. Rep.",6.69,..,44.400,28.93,2.9593,49722,..,959934,..,..
1987,"Congo, Dem. Rep.",6.74,..,78.670,29.35,3.065,65532,..,983334,..,..
1988,"Congo, Dem. Rep.",6.73,..,71.092,29.78,3.1222,79184,..,1066351,..,..
1989,"Congo, Dem. Rep.",6.74,..,104.065,30.2,3.1379,78215,..,..,..,..
1990,"Congo, Dem. Rep.",6.7,..,81.295,30.63,3.2812,183750,..,..,..,..
1991,"Congo, Dem. Rep.",6.69,..,2154.437,31.07,3.2997,86722,..,..,..,..
1992,"Congo, Dem. Rep.",6.67,230.8758,4129.170,31.51,3.0124,-40938,..,1097095,..,..
1993,"Congo, Dem. Rep.",6.64,272.0508,1986.905,31.95,3.2052,240181,..,1218760,..,..
1994,"Congo, Dem. Rep.",6.67,140.2119,23773.132,32.39,4.7637,1232110,..,1341446,..,..
1995,"Congo, Dem. Rep.",6.71,130.3757,541.909,32.84,4.1842,-273443,..,1514323,..,..
1996,"Congo, Dem. Rep.",6.72,130.8165,492.442,33.29,1.906,-777896,..,..,..,..
1997,"Congo, Dem. Rep.",6.73,135.8889,198.517,33.74,1.582,-528084,..,..,..,..
1998,"Congo, Dem. Rep.",6.73,135.4774,29.149,34.2,2.3664,-27328,..,..,..,..
1999,"Congo, Dem. Rep.",6.72,99.7573,284.895,34.66,2.8603,-40434,..,..,..,..
2000,"Congo, Dem. Rep.",6.72,392.6263,513.907,35.12,2.8988,-48028,..,..,0.77246,13.189
2001,"Congo, Dem. Rep.",6.7,148.4471,359.937,35.59,3.0195,26524,..,..,0.22936,4.675
2002,"Congo, Dem. Rep.",6.67,168.9448,31.523,36.06,3.057,-17355,..,..,0.1763,3.554
2003,"Congo, Dem. Rep.",6.64,167.9816,12.874,36.53,2.9441,-106740,..,..,0.38582,4.723
2004,"Congo, Dem. Rep.",6.62,187.8568,3.994,37,2.9811,4255,..,..,0.34978,6.381
2005,"Congo, Dem. Rep.",6.6,211.5726,21.317,37.48,3.1155,20379,2.95,..,0.46137,6.767
2006,"Congo, Dem. Rep.",6.59,247.5419,13.053,37.97,3.1872,40036,..,..,0.56027,8.098
2007,"Congo, Dem. Rep.",6.58,277.6121,16.945,38.47,3.2155,9939,..,2815175,0.67529,8.483
2008,"Congo, Dem. Rep.",6.58,317.8892,17.301,38.98,3.1997,-11707,..,3129488,0.92716,8.894
2009,"Congo, Dem. Rep.",6.59,290.1557,2.800,39.49,3.1943,-46015,..,3398550,0.90417,6.857
2010,"Congo, Dem. Rep.",6.59,324.8277,7.100,40.01,3.2469,8823,..,3484459,1.29235,5.633
2011,"Congo, Dem. Rep.",6.58,376.375,15.317,40.54,3.3518,40890,..,3782945,1.33271,5.416
2012,"Congo, Dem. Rep.",6.56,412.7763,9.722,41.08,3.3567,-25257,4.49,3894024,2.19849,6.299
2013,"Congo, Dem. Rep.",6.53,444.8644,0.808,41.63,3.4091,121103,..,3995631,2.21736,7.28
2014,"Congo, Dem. Rep.",6.48,472.2662,1.243,42.18,3.446,36966,..,4388456,2.60129,8.636
2015,"Congo, Dem. Rep.",6.44,482.0646,0.744,42.74,3.3894,47831,..,4618895,3.1913,8.429
2016,"Congo, Dem. Rep.",6.39,456.028,2.886,43.31,3.466,173022,..,..,2.51374,8.79
2017,"Congo, Dem. Rep.",6.35,451.0891,..,43.88,3.4428,4350,..,..,1.86538,8.921
2018,"Congo, Dem. Rep.",6.3,546.2126,..,44.46,3.2728,-124242,..,..,2.69579,8.887
2019,"Congo, Dem. Rep.",6.25,575.8828,..,45.05,3.1863,-144916,..,..,3.1411,9.007
2020,"Congo, Dem. Rep.",6.21,524.6667,..,45.64,3.2245,-1643,1.47,..,3.41377,9.874
2021,"Congo, Dem. Rep.",6.16,576.9747,..,46.24,3.2225,-64643,..,7349414,3.74193,10.207
2022,"Congo, Dem. Rep.",6.11,664.5935,..,46.84,3.1978,-14999,..,..,4.00542,10.457
2023,"Congo, Dem. Rep.",5.49,649.144,..,47.44,3.2323,-14999,..,..,4.75584,11.665
1984,Mali,7.22,153.5388,..,20.49,2.0909,-47454,..,73218,..,..
1985,Mali,7.21,170.0361,..,21.01,1.943,-63524,..,67841,..,..
1986,Mali,7.24,222.2262,..,21.55,1.7787,-82188,..,..,..,..
1987,Mali,7.25,246.7015,..,22.07,1.6627,-91198,..,63768,..,..
1988,Mali,7.26,251.7026,..,22.48,1.6751,-88203,..,66431,..,..
1989,Mali,7.28,248.6656,-0.077,22.9,1.8015,-75987,..,75213,..,..
1990,Mali,7.25,299.8216,0.606,23.32,1.9291,-68856,..,76501,..,..
1991,Mali,7.23,298.5687,1.800,23.75,1.9807,-77380,..,84220,..,..
1992,Mali,7.18,304.0279,-6.243,24.19,2.0246,-70975,..,98737,..,..
1993,Mali,7.12,296.458,-0.264,24.62,2.0826,-68995,..,102781,..,..
1994,Mali,7.07,214.3626,23.177,25.07,2.1365,-63686,..,120912,..,..
1995,Mali,6.99,272.795,13.442,25.52,2.1322,-67932,..,139777,..,..
1996,Mali,6.95,274.4224,6.806,25.98,2.1026,-68134,..,151554,..,..
1997,Mali,6.91,260.356,-0.363,26.43,2.2195,-56107,3.3,168898,..,..
1998,Mali,6.89,274.9744,4.037,26.95,2.4899,-30323,..,188109,..,..
1999,Mali,6.88,315.1715,-1.202,27.65,2.7537,-21740,..,217700,..,..
2000,Mali,6.87,263.4984,-0.678,28.36,2.9078,-17423,..,257833,3.40763,10.161
2001,Mali,6.85,299.4122,5.187,29.08,3.0211,-12530,..,..,3.15599,9.446
2002,Mali,6.82,326.9667,5.033,29.81,3.1344,-8926,..,..,3.62882,10.393
2003,Mali,6.78,381.9485,-1.347,30.55,3.2068,-11780,..,349615,5.3948,12.175
2004,Mali,6.74,427.7173,-3.100,31.3,3.2666,-10805,8.75,388418,6.79436,12.824
2005,Mali,6.72,473.995,6.398,32.06,3.3055,-17436,..,429716,6.6227,14.505
2006,Mali,6.69,506.9118,1.544,32.83,3.3057,-18275,..,474976,6.2049,16.179
2007,Mali,6.66,579.2571,1.412,33.61,3.3021,-19966,11.71,533849,5.77355,19.225
2008,Mali,6.64,676.127,9.171,34.4,3.2848,-24538,..,612012,4.84212,22.223
2009,Mali,6.61,680.65,2.464,35.2,3.2556,-34428,..,686071,4.5436,22.655
2010,Mali,6.58,688.3279,1.109,36,3.2497,-34523,8.07,758285,4.60444,18.791
2011,Mali,6.55,810.1826,2.956,36.8,3.2348,-43216,6.9,821160,4.8997,17.042
2012,Mali,6.52,753.3921,5.323,37.6,2.9181,-140747,..,..,3.11544,13.375
2013,Mali,6.49,778.7971,-0.607,38.4,2.92,-41013,6.35,882380,6.35372,11.546
2014,Mali,6.44,818.4303,0.884,39.2,3.1707,-50149,6.38,961046,7.29846,13.116
2015,Mali,6.39,723.5042,1.451,39.99,3.1468,-48947,7.73,945484,6.65102,10.806
2016,Mali,6.32,750.0518,-1.800,40.78,3.1904,-30294,1.37,1013780,9.0664,10.683
2017,Mali,6.25,795.6828,1.760,41.57,3.2164,-33995,7.41,1017415,9.36911,11.497
2018,Mali,6.18,856.3566,0.300,42.36,3.1749,-40761,1.62,1046493,9.85824,10.919
2019,Mali,6.1,840.1757,-1.658,43.14,3.1267,-44428,..,..,9.40387,17.629
2020,Mali,6.04,822.9061,0.438,43.91,3.1426,-14978,3.53,1033395,11.54284,15.512
2021,Mali,5.96,881.5101,3.926,44.68,3.158,-22236,..,..,11.7678,16.45
2022,Mali,5.87,831.2235,9.622,45.44,3.0952,-39998,..,..,12.0015,16.88
2023,Mali,5.35,897.4487,2.059,46.19,3.0517,-39998,..,..,12.7886,17.02
1984,Benin,7.02,244.8444,..,30.09,2.872,-2024,..,123884,..,..
1985,Benin,6.99,236.6106,..,30.8,2.9036,-1965,..,120582,..,..
1986,Benin,6.95,293.5596,..,31.52,2.9393,-1905,0.18,107172,..,..
1987,Benin,6.9,333.2231,..,32.25,2.9743,-1807,..,102171,..,..
1988,Benin,6.85,335.3419,..,32.99,3.0009,-1870,..,..,..,..
1989,Benin,6.8,301.6849,..,33.73,3.0183,-320,..,..,..,..
1990,Benin,6.73,381.8051,..,34.49,3.0406,-337,..,..,..,..
1991,Benin,6.67,375.292,..,35.25,3.0622,0,..,..,..,..
1992,Benin,6.6,310.6237,..,35.83,3.0648,-148,1.51,..,..,..
1993,Benin,6.51,398.613,0.441,36.14,4.4508,156226,..,..,..,..
1994,Benin,6.41,269.7906,38.531,36.45,3.736,-85132,..,..,..,..
1995,Benin,6.31,358.823,14.463,36.76,2.0572,-45474,..,..,..,..
1996,Benin,6.26,380.5883,4.914,37.07,2.569,-16498,..,..,..,..
1997,Benin,6.2,355.1421,3.466,37.39,2.9097,-1326,..,..,..,..
1998,Benin,6.1,372.8773,5.753,37.7,3.0402,2054,..,..,..,..
1999,Benin,6,541.7023,0.327,38.02,3.0573,3170,..,213474,..,..
2000,Benin,5.89,502.998,4.165,38.33,3.0385,3337,..,229228,5.74296,8.796
2001,Benin,5.82,508.3474,3.984,38.65,3.0124,3730,..,256744,6.27755,8.8
2002,Benin,5.78,564.3791,2.489,39.04,3.0014,3568,0.69,287292,5.47451,9.662
2003,Benin,5.77,698.4088,1.487,39.54,3.0143,4278,..,312427,7.39214,12.024
2004,Benin,5.72,784.1191,0.874,40.04,3.0265,4173,..,344890,9.10819,13.197
2005,Benin,5.68,805.9047,5.365,40.54,3.1774,30492,..,..,8.61113,12.986
2006,Benin,5.64,837.132,3.782,41.05,3.0598,-15131,..,..,9.05011,13.502
2007,Benin,5.56,944.6432,1.298,41.56,2.8756,247,..,..,9.13875,14.446
2008,Benin,5.48,1098.9467,7.947,42.07,2.9477,3192,..,..,8.15979,13.988
2009,Benin,5.44,1061.7184,0.896,42.58,2.9434,4272,..,..,9.21408,13.939
2010,Benin,5.39,1009.4895,2.208,43.09,2.9349,3947,1.04,..,7.59434,13.842
2011,Benin,5.37,1099.4143,2.704,43.61,2.9281,4278,2.65,723727,7.16268,15.11
2012,Benin,5.35,1112.5695,6.745,44.13,2.915,1267,..,..,8.30939,16.12
2013,Benin,5.35,1214.2956,0.429,44.64,2.8999,-899,..,868990,9.28487,16.834
2014,Benin,5.35,1251.5048,-0.549,45.17,2.9262,3667,..,896763,7.20022,18.016
2015,Benin,5.32,1041.6525,0.219,45.7,2.9513,3366,..,963787,6.15435,16.645
2016,Benin,5.3,1049.8203,-0.793,46.23,2.9498,3827,..,992999,4.94147,16.354
2017,Benin,5.27,1095.2745,0.043,46.77,2.9463,3716,..,..,4.98967,16.927
2018,Benin,5.2,1194.4382,0.919,47.31,2.9224,3368,..,..,5.36132,17.924
2019,Benin,5.13,1170.886,0.733,47.86,2.8871,3363,1.21,..,3.64694,17.088
2020,Benin,5.05,1240.7332,3.023,48.42,2.8291,1732,..,886445,3.42424,18.007
2021,Benin,4.97,1360.9115,1.734,48.97,2.7597,1732,..,918285,4.32541,19.536
2022,Benin,4.9,1304.9948,1.351,49.53,2.702,-200,1.69,929099,5.3558,19.885
2023,Benin,5.34,1434.6628,2.731,50.1,2.6601,-200,..,..,6.3415,20.112
1984,Chad,7.02,186.7886,20.251,19.58,1.2553,-164544,..,42516,..,..
1985,Chad,7.04,207.962,5.154,19.78,0.9513,-30747,..,45612,..,..
1986,Chad,7.07,208.6352,-13.057,19.98,2.986,42086,..,45000,..,..
1987,Chad,7.11,219.4792,-5.975,20.19,3.5073,23220,..,44379,..,..
1988,Chad,7.15,270.3971,15.478,20.39,3.3792,16077,..,47512,..,..
1989,Chad,7.19,252.8271,-3.689,20.6,3.3639,4925,..,49439,..,..
1990,Chad,7.22,298.3671,-0.738,20.81,2.7216,-58912,..,58570,..,..
1991,Chad,7.26,310.6596,3.194,21.02,3.6292,112490,..,..,..,..
1992,Chad,7.3,298.5673,-3.113,21.24,4.2208,6011,..,..,..,..
1993,Chad,7.34,226.9212,-8.428,21.41,2.28,-146473,0.7,..,..,..
1994,Chad,7.31,178.9532,41.725,21.44,2.2195,994,..,73666,..,..
1995,Chad,7.29,209.8926,9.230,21.47,4.3897,152235,..,85836,..,..
1996,Chad,7.29,223.2334,11.331,21.51,4.4216,1268,..,93026,..,..
1997,Chad,7.27,207.3166,5.572,21.54,3.421,3624,..,99789,..,..
1998,Chad,7.27,226.3288,4.259,21.57,3.4072,2237,..,112964,..,..
1999,Chad,7.26,192.2695,-8.025,21.6,3.4772,17174,..,123408,..,..
2000,Chad,7.25,168.1177,3.823,21.64,3.4145,-3839,..,137269,3.94877,6.061
2001,Chad,7.23,200.361,12.431,21.67,3.3301,3473,..,165926,4.18476,7.384
2002,Chad,7.2,225.9473,5.192,21.7,3.4481,20396,..,184996,5.35997,12.73
2003,Chad,7.18,298.2499,-1.753,21.74,3.9706,105146,..,212632,5.86257,9.6
2004,Chad,7.16,460.067,-5.355,21.77,4.436,110387,..,227856,9.98555,15.662
2005,Chad,7.13,664.5977,7.890,21.8,3.9918,19281,..,245286,9.53668,19.504
2006,Chad,7.12,716.6678,8.036,21.83,3.5408,23055,..,262714,7.15458,23.934
2007,Chad,7.09,806.7103,-8.975,21.87,3.3872,-11340,..,314470,8.28521,24.683
2008,Chad,7.06,936.4941,10.297,21.9,3.4459,36443,..,369812,7.47486,28.444
2009,Chad,7.02,808.1615,9.952,21.93,3.5186,9108,..,421686,7.5124,25.589
2010,Chad,6.99,896.8767,-2.078,21.99,3.4085,10419,..,430383,7.65802,26.671
2011,Chad,6.95,988.1942,2.029,22.05,3.4945,29255,..,456548,8.16092,25.591
2012,Chad,6.91,969.6161,7.517,22.14,3.4876,9516,..,458034,9.20604,24.228
2013,Chad,6.84,980.0835,0.223,22.25,3.557,51887,..,525219,11.29281,25.488
2014,Chad,6.78,1017.7878,1.682,22.37,3.57,20842,..,508730,12.46414,26.46
2015,Chad,6.71,774.4116,4.377,22.52,3.1841,-48918,..,513248,7.4498,21.607
2016,Chad,6.62,691.9801,-0.792,22.68,3.1487,21546,..,535112,5.7513,19.848
2017,Chad,6.54,662.8975,-1.537,22.86,3.3246,16916,..,507074,4.65272,20.222
2018,Chad,6.46,720.2651,4.275,23.06,3.3781,46664,1.14,511841,4.59823,21.463
2019,Chad,6.41,701.6212,-0.972,23.28,3.2946,-9469,..,537388,4.76421,20.565
2020,Chad,6.35,643.7722,4.464,23.52,3.1605,9016,..,548869,5.98552,22.305
2021,Chad,6.26,685.6903,-0.773,23.78,3.1639,9016,..,663802,6.16149,21.61
2022,Chad,6.22,699.4633,5.788,24.06,3.115,-2000,..,..,6.22514,21.587
2023,Chad,5.24,719.3849,10.836,24.37,3.0848,-2000,..,..,6.356,22.669
1984,Uganda,7,247.3431,..,8.81,2.6973,-8824,..,162005,..,..
1985,Uganda,7.04,234.0392,..,9.15,2.8391,-42995,..,179483,..,..
1986,Uganda,7.08,253.3281,..,9.51,2.9347,-19507,..,213733,..,..
1987,Uganda,7.12,392.4776,..,9.88,3.0987,-22431,..,242727,..,..
1988,Uganda,7.11,394.7361,..,10.27,3.1737,-20124,..,262735,..,..
1989,Uganda,7.07,309.861,..,10.67,3.2178,-12579,..,265514,..,..
1990,Uganda,7.04,244.7541,..,11.08,3.2248,-21692,..,267517,..,..
1991,Uganda,6.98,182.7945,..,11.45,3.2739,3642,..,256194,..,..
1992,Uganda,6.96,151.9765,..,11.79,3.4083,24725,..,256669,..,..
1993,Uganda,6.93,165.465,..,12.13,3.4552,18352,..,261762,..,..
1994,Uganda,6.93,198.2821,10.037,12.49,3.3451,-16192,..,275590,..,..
1995,Uganda,6.92,278.3166,6.550,12.85,2.7243,-242445,..,292321,..,..
1996,Uganda,6.89,284.4568,7.192,13.22,2.713,-22809,..,293354,..,..
1997,Uganda,6.91,286.5727,8.169,13.59,2.9096,-155544,..,294418,..,..
1998,Uganda,6.89,292.1695,0.069,13.98,2.9755,6283,..,..,..,..
1999,Uganda,6.88,257.6786,5.777,14.38,3.2375,-39697,..,..,..,..
2000,Uganda,6.83,257.8296,3.392,14.79,3.1354,-52834,..,..,4.09642,7.151
2001,Uganda,6.81,235.853,1.865,15.2,3.0448,-95975,..,..,4.27151,7.025
2002,Uganda,6.78,241.8689,-0.288,15.63,3.1081,-35155,3.5,..,4.83598,7.103
2003,Uganda,6.7,250.6906,8.681,16.06,3.1203,-96452,3.6,..,4.87629,6.703
2004,Uganda,6.65,292.4727,3.721,16.51,2.9585,-138801,..,732792,5.41341,7.482
2005,Uganda,6.57,330.6029,8.449,16.96,2.9062,-151432,1.9,785412,4.60369,13
2006,Uganda,6.48,346.7685,7.311,17.43,2.915,-156293,..,854123,4.79853,17.576
2007,Uganda,6.38,401.7092,6.139,17.9,2.9335,-154826,..,1031520,6.09375,20.266
2008,Uganda,6.25,473.3028,12.051,18.38,2.9269,-158848,..,1044152,6.89678,21.779
2009,Uganda,6.17,799.9296,13.017,18.88,2.9157,-164609,3.6,110056,6.34436,19.644
2010,Uganda,6.07,824.7377,3.977,19.38,2.9152,-168379,1.4,1264942,8.37348,20.137
2011,Uganda,5.94,837.0959,16.564,19.9,2.9071,-173065,0.88,1254005,7.5049,20.043
2012,Uganda,5.78,796.7111,12.679,20.42,2.8937,-175994,3.55,1296816,8.34869,21.421
2013,Uganda,5.62,819.7579,4.905,20.96,2.8768,-176638,1.91,1421237,8.93045,24.232
2014,Uganda,5.46,897.5097,3.076,21.5,2.969,-92291,1.57,1460569,9.09353,23.585
2015,Uganda,5.31,864.1801,5.590,22.06,3.0913,-62377,..,1488512,6.08511,16.834
2016,Uganda,5.17,753.6844,5.706,22.62,3.335,123381,..,1520562,6.13544,16.85
2017,Uganda,5.05,766.1776,5.210,23.2,3.4965,92876,3.64,1434278,5.02772,12.87
2018,Uganda,4.93,793.1281,2.616,23.77,3.4013,60723,..,..,5.53423,13.102
2019,Uganda,4.81,823.0247,2.868,24.36,3.3951,107203,2.56,..,5.04973,14.319
2020,Uganda,4.69,846.7672,3.313,24.95,3.3328,43465,..,..,8.05821,14.048
2021,Uganda,4.59,883.892,2.205,25.55,3.2114,43465,3.42,..,9.78984,15.212
2022,Uganda,4.47,964.3541,7.196,26.16,2.9986,-118846,..,..,10.25468,15.665
2023,Uganda,5.17,1014.214,5.351,26.77,2.7816,-126181,..,..,10.98562,16.245
1984,Somalia,7.3,123.6351,..,27.8,3.6212,60630,..,100199,..,..
1985,Somalia,7.33,132.0691,..,28.07,4.0255,62183,..,94275,..,..
1986,Somalia,7.35,132.6743,..,28.33,4.1063,74424,..,88471,..,..
1987,Somalia,7.37,142.3543,..,28.63,3.5467,-17391,..,..,..,..
1988,Somalia,7.4,146.8616,..,28.97,0.0343,-415660,..,..,..,..
1989,Somalia,7.42,167.9172,..,29.31,-1.7623,-266281,..,..,..,..
1990,Somalia,7.44,147.345,..,29.66,-0.517,-248155,..,..,..,..
1991,Somalia,7.47,106.6399,..,30.01,-3.8804,-568166,..,..,..,..
1992,Somalia,7.5,110.3426,..,30.36,-4.6291,-179675,..,..,..,..
1993,Somalia,7.53,190.3315,..,30.71,2.952,261815,..,..,..,..
1994,Somalia,7.54,212.8221,..,31.07,4.9949,-50921,..,..,..,..
1995,Somalia,7.58,212.8375,..,31.43,3.5443,65888,..,..,..,..
1996,Somalia,7.62,239.8456,..,31.79,3.5625,-46291,..,..,..,..
1997,Somalia,7.66,283.3799,..,32.15,3.4444,49692,..,..,..,..
1998,Somalia,7.65,367.6428,..,32.51,4.0858,55426,..,..,..,..
1999,Somalia,7.63,363.2607,..,32.88,3.9858,37548,..,..,..,..
2000,Somalia,7.61,391.3101,..,33.25,3.9405,53580,..,..,..,..
2001,Somalia,7.58,248.3641,..,33.62,3.9267,40274,..,..,..,..
2002,Somalia,7.58,232.9891,..,33.99,3.6836,12603,..,..,..,..
2003,Somalia,7.55,290.6992,..,34.76,3.6226,33174,..,..,..,..
2004,Somalia,7.52,381.4824,..,35.53,3.6136,17353,..,..,..,..
2005,Somalia,7.48,447.4172,..,36.31,3.4003,-5955,..,..,..,..
2006,Somalia,7.46,466.0877,..,37.1,2.9898,-67200,..,..,..,..
2007,Somalia,7.42,488.4573,..,34.4,3.042,8476,..,86929,..,..
2008,Somalia,7.39,516.7049,..,36.01,2.8968,-102035,..,..,..,..
2009,Somalia,7.34,251.3713,..,37.65,2.4611,-101795,..,..,..,..
2010,Somalia,7.3,223.4876,..,39.31,2.4972,-88448,..,..,..,..
2011,Somalia,7.26,237.8685,..,41,1.569,-326192,..,..,..,..
2012,Somalia,7.2,324.8872,..,41.56,1.8128,-51833,..,..,..,..
2013,Somalia,7.13,454.0773,..,42.12,3.2594,20723,..,..,..,..
2014,Somalia,7.06,491.1898,..,42.68,3.4921,6065,..,..,..,..
2015,Somalia,6.98,507.4829,..,43.25,3.3592,-17178,..,..,..,..
2016,Somalia,6.89,517.0976,..,43.82,3.771,124017,..,..,..,..
2017,Somalia,6.74,555.1851,..,44.39,3.9198,38067,..,..,..,..
2018,Somalia,6.63,537.1593,..,44.97,3.6131,40844,..,..,..,..
2019,Somalia,6.53,589.4659,..,45.55,3.6332,48055,18.83,..,..,..
2020,Somalia,6.42,556.5781,..,46.14,3.4182,-11383,..,..,..,..
2021,Somalia,6.31,576.5237,..,46.73,3.1462,-17071,..,130253,..,..
2022,Somalia,6.2,592.1031,..,47.32,3.0694,-30000,..,..,..,..
2023,Somalia,5.12,643.75,..,47.92,3.0548,-30000,..,115828,..,..
1984,South Sudan,7.44,..,..,9.26,2.2075,0,..,..,..,..
1985,South Sudan,7.77,..,..,9.84,2.2329,0,..,..,..,..
1986,South Sudan,7.91,..,..,10.46,2.3659,0,..,..,..,..
1987,South Sudan,7.95,..,..,11.11,1.5266,0,..,..,..,..
1988,South Sudan,8.01,..,..,11.8,-1.626,-97065,..,..,..,..
1989,South Sudan,7.99,..,..,12.52,-2.274,-130821,..,..,..,..
1990,South Sudan,7.99,..,..,13.28,0.9345,12993,..,..,..,..
1991,South Sudan,8,..,..,14.07,2.4199,14325,..,..,..,..
1992,South Sudan,8,..,..,14.91,1.8279,15074,..,..,..,..
1993,South Sudan,8.01,..,..,15.63,1.2271,15772,..,..,..,..
1994,South Sudan,7.99,..,..,15.75,2.4544,16418,..,..,..,..
1995,South Sudan,7.96,..,..,15.87,3.0482,17077,..,..,..,..
1996,South Sudan,7.99,..,..,16,2.4748,17951,..,..,..,..
1997,South Sudan,7.97,..,..,16.12,2.8034,48277,..,..,..,..
1998,South Sudan,7.82,..,..,16.25,1.9494,64284,..,..,..,..
1999,South Sudan,7.67,..,..,16.38,2.6099,70269,..,..,..,..
2000,South Sudan,7.51,..,..,16.5,4.4187,74224,..,..,..,..
2001,South Sudan,7.37,..,..,16.63,4.4774,77854,..,..,..,..
2002,South Sudan,7.19,..,..,16.76,4.4603,82850,..,..,..,..
2003,South Sudan,6.85,..,..,16.89,4.4788,91958,..,..,..,..
2004,South Sudan,6.52,..,..,17.02,4.5397,110187,..,..,..,..
2005,South Sudan,6.17,..,..,17.15,4.6142,132868,..,..,..,..
2006,South Sudan,5.82,..,..,17.29,4.6766,153929,..,..,..,..
2007,South Sudan,5.64,..,..,17.42,4.7227,167356,..,..,..,..
2008,South Sudan,5.55,..,..,17.56,4.7111,165553,12.3,..,..,..
2009,South Sudan,5.47,..,5.006,17.7,4.4913,139129,..,..,..,..
2010,South Sudan,5.38,..,1.170,17.86,5.1236,299400,..,..,..,..
2011,South Sudan,5.29,1455.3584,46.852,18.03,5.2988,194323,..,133999,..,..
2012,South Sudan,5.2,1114.9237,45.526,18.22,4.3794,125766,..,134528,..,..
2013,South Sudan,5.11,1659.1408,-0.058,18.42,3.7095,65337,..,136658,..,..
2014,South Sudan,5.02,1245.1493,1.674,18.63,0.9611,-471614,..,142516,..,..
2015,South Sudan,4.94,1071.7778,52.766,18.85,-0.1695,-160109,..,164135,..,..
2016,South Sudan,4.86,1120.5487,380.000,19.09,-1.1518,-655870,..,168541,..,..
2017,South Sudan,4.78,1325.2751,187.852,19.35,-3.7555,-672697,..,169742,2.27988,6.331
2018,South Sudan,4.7,1503.1339,83.502,19.62,-2.4975,-297041,..,188543,3.07751,9.531
2019,South Sudan,4.62,1653.0415,87.241,19.9,0.5022,2048,..,195412,3.90806,17.904
2020,South Sudan,4.54,1452.3325,29.676,20.2,1.5063,-74415,..,208545,3.6724,22.875
2021,South Sudan,4.47,1452.1466,10.517,20.51,1.3304,-31885,..,210543,5.18491,11.209
2022,South Sudan,4.34,1558.2214,-6.687,20.85,1.5225,-30694,..,221450,5.22548,11.6985
2023,South Sudan,5.09,1684.2251,2.383,21.2,1.5966,-23291,..,231120,5.89542,12.5521
1984,Burundi,7.3,203.8598,14.317,5.03,2.4197,-29572,..,21424,..,..
1985,Burundi,7.29,232.4118,3.804,5.22,2.1605,-66680,..,23984,..,..
1986,Burundi,7.32,238.3569,1.676,5.42,1.8756,-55836,..,25939,..,..
1987,Burundi,7.38,219.3713,7.113,5.62,2.276,-21213,..,29027,..,..
1988,Burundi,7.38,205.3179,4.487,5.83,2.1875,-46546,..,31045,..,..
1989,Burundi,7.39,207.292,11.662,6.05,1.9137,-43635,..,34899,..,..
1990,Burundi,7.37,206.4449,7.002,6.27,2.0281,-39996,0.48,38194,..,..
1991,Burundi,7.34,208.6567,8.997,6.46,2.0046,-39298,..,44207,..,..
1992,Burundi,7.3,188.5812,1.823,6.64,2.6154,35771,..,48398,..,..
1993,Burundi,7.27,168.9641,9.679,6.82,-3.3259,-686089,..,55713,..,..
1994,Burundi,7.23,165.5859,14.853,7.01,0.5599,516369,..,..,..,..
1995,Burundi,7.18,168.6272,19.263,7.21,6.0157,-84698,..,..,..,..
1996,Burundi,7.12,146.5362,26.437,7.41,-0.0384,-226350,..,..,..,..
1997,Burundi,7.04,164.2334,31.112,7.62,-0.1121,-84365,..,..,..,..
1998,Burundi,6.96,148.0895,12.500,7.83,1.8644,13841,..,..,..,..
1999,Burundi,6.9,130.753,3.385,8.04,2.3715,-34507,14,..,..,..
2000,Burundi,6.87,138.0046,24.432,8.25,2.0417,-40114,..,..,2.02163,3.744
2001,Burundi,6.85,135.6065,9.296,8.46,2.4751,9965,..,113427,2.29479,3.679
2002,Burundi,6.82,124.1393,-1.366,8.68,2.7941,-16881,..,122469,1.90594,3.476
2003,Burundi,6.79,114.367,10.648,8.91,3.1374,36721,..,129204,1.54958,3.183
2004,Burundi,6.75,128.5384,8.176,9.14,3.7147,47090,..,152251,3.04369,3.695
2005,Burundi,6.71,151.1885,13.252,9.38,3.6998,17913,..,171110,3.11823,4.694
2006,Burundi,6.66,166.2762,2.745,9.62,3.58,15322,3.19,192296,3.93079,6.015
2007,Burundi,6.59,170.7069,8.412,9.86,3.6718,22120,..,209945,4.20593,6.731
2008,Burundi,6.52,194.7106,24.407,10.12,4.1121,79323,1.63,254186,3.03581,6.755
2009,Burundi,6.41,204.5448,10.555,10.38,5.0784,184361,..,288956,4.24192,6.96
2010,Burundi,6.26,222.6606,6.493,10.64,4.6795,11847,..,337577,4.42046,7.383
2011,Burundi,6.11,236.4513,9.592,10.92,3.5427,-19517,..,381041,8.20741,6.491
2012,Burundi,5.99,238.2059,18.161,11.19,3.53,22613,..,420117,6.3588,5.1
2013,Burundi,5.89,241.5477,7.938,11.48,3.5511,-2295,..,490858,3.72196,4.757
2014,Burundi,5.79,257.8186,4.405,11.78,3.3459,-6856,1.57,583308,7.18488,6.197
2015,Burundi,5.7,289.3596,5.545,12.08,2.1887,-236447,..,664243,7.00207,6.105
2016,Burundi,5.59,242.5395,5.558,12.39,1.629,-109490,..,723357,6.06916,5.833
2017,Burundi,5.48,244.1454,16.053,12.71,2.2873,-68450,..,665116,5.7261,6.149
2018,Burundi,5.38,232.0606,-2.815,13.03,2.9838,68145,..,674855,5.43661,5.536
2019,Burundi,5.27,216.973,-0.687,13.37,3.2643,14241,..,650269,5.77146,5.402
2020,Burundi,5.18,216.8274,7.321,13.71,2.8671,-10186,1.03,741249,5.4531,6.299
2021,Burundi,5.08,221.1578,8.405,14.06,2.6725,-14415,..,745521,5.93988,6.991
2022,Burundi,4.98,259.025,18.801,14.42,2.6602,2000,..,749820,6.2251,7.2251
2023,Burundi,4.9,199.5808,26.942,14.78,2.6715,2000,..,754128,6.5582,7.33256
1984,Guinea,6.6,3410.0723,..,26.35,2.2428,-11449,..,97719,..,..
1985,Guinea,6.61,4119.494,..,26.62,2.3703,-6966,..,101121,..,..
1986,Guinea,6.64,512.9493,..,26.9,2.4944,-2905,..,92754,..,..
1987,Guinea,6.67,511.3949,..,27.18,2.6001,-357,..,82088,..,..
1988,Guinea,6.66,581.626,..,27.46,2.6515,-647,..,82451,..,..
1989,Guinea,6.66,577.8982,..,27.74,2.6252,-5149,..,81325,..,..
1990,Guinea,6.63,611.9345,..,28.03,3.4907,107641,..,78659,..,..
1991,Guinea,6.59,664.5035,..,28.31,4.0343,66718,..,85942,..,..
1992,Guinea,6.55,700.9783,..,28.6,3.2195,-3292,..,83125,..,..
1993,Guinea,6.49,678.5553,..,28.89,3.0828,45616,..,106811,..,..
1994,Guinea,6.41,679.2515,..,29.18,3.0197,-8824,..,116377,..,..
1995,Guinea,6.34,721.1374,..,29.48,2.8003,18021,..,124516,..,..
1996,Guinea,6.25,734.2391,..,29.77,2.8351,-4973,..,132722,..,..
1997,Guinea,6.16,703.4365,..,30.05,2.0572,-107718,..,..,..,..
1998,Guinea,6.08,654.6248,..,30.32,1.8913,-30939,..,..,..,..
1999,Guinea,6.01,617.3542,..,30.6,2.2559,-46248,..,167608,..,..
2000,Guinea,5.94,523.8666,..,30.87,1.9631,-77558,..,175521,1.45941,15.132
2001,Guinea,5.85,488.4757,..,31.14,1.296,-155276,..,235210,1.67226,14.068
2002,Guinea,5.79,501.4822,..,31.42,1.5517,-33495,4.55,276084,3.00165,15.038
2003,Guinea,5.74,572.848,..,31.7,2.2418,-36982,..,305717,2.2901,16.318
2004,Guinea,5.72,591.535,..,31.98,2.1292,-56110,..,344630,1.3515,18.704
2005,Guinea,5.7,468.5356,31.373,32.26,1.9787,-71104,..,420057,1.28824,14.077
2006,Guinea,5.66,452.2762,34.695,32.54,2.0629,-48145,..,482825,1.12327,11.701
2007,Guinea,5.62,657.9935,18.176,32.82,2.2934,-34349,..,500214,1.58352,16.547
2008,Guinea,5.56,712.0994,23.066,33.11,2.4082,-32957,..,530705,1.91971,16.687
2009,Guinea,5.51,670.2613,4.684,33.39,2.4398,-34050,..,..,1.74434,17.59
2010,Guinea,5.4,667.2816,15.050,33.68,2.4583,-31352,..,..,2.42209,16.009
2011,Guinea,5.3,644.5025,21.317,33.97,2.4713,-29092,..,640245,3.28936,14.809
2012,Guinea,5.2,707.9677,15.226,34.26,2.4488,-32842,..,657383,3.52155,15.196
2013,Guinea,5.12,757.6923,11.888,34.55,2.4423,-29151,..,690997,3.702,16.6
2014,Guinea,5.05,774.569,6.151,34.84,2.4829,-22750,..,715702,4.73667,25.489
2015,Guinea,5.02,756.4256,11.780,35.14,2.5493,-15127,..,667770,3.24742,30.385
2016,Guinea,4.93,720.4733,8.173,35.46,2.5895,-14196,..,701858,4.78648,23.534
2017,Guinea,4.79,843.4643,8.914,35.79,2.5635,-13726,..,720154,5.06637,24.821
2018,Guinea,4.67,944.4173,9.828,36.14,2.5334,-9195,..,740034,5.83084,25.665
2019,Guinea,4.58,1043.8999,9.470,36.5,2.5377,-3243,5.02,760990,9.61382,28.461
2020,Guinea,4.49,1073.6593,10.602,36.88,2.5123,-4364,..,763835,8.29267,28.205
2021,Guinea,4.4,1189.176,12.597,37.26,2.4443,-4367,..,750047,8.18704,26.376
2022,Guinea,4.3,1515.1679,10.493,37.67,2.3909,-4000,..,753322,8.22516,27.225
2023,Guinea,4.78,1663.9378,7.805,38.09,2.3621,-4000,..,753726,8.5214,27.698
